student_id,date,time,status,class_type,instructor_name,lesson,mission,activity,adcoin,absence_reason
ADV23029,2024-02-27,20:30,present,Online,,,,,,
ADV23007,2024-02-29,11:00,present,Physical,,,,,,
ADV0089,2024-02-29,17:00,present,Online,,,,,,
ADV23050,2024-03-01,20:30,present,Online,,,,,,
ADV0045,2024-03-02,09:00,present,Physical,Jia Xi,,,Claw Bot,,
ADV23003,2024-03-02,09:00,present,Physical,Jia Xi,,,Wind Plane - Lau Mo,,
ADV23045,2024-03-02,09:30,present,Physical,Aljay,,,,,
ADV23075,2024-03-02,09:30,present,Physical,Jia Xi,,,Chu Ko Nu Chinese - Lau Mo,,
ADV23035,2024-03-02,11:00,present,Online,,,,,,
ADV23037,2024-03-02,11:00,present,Online,,,,,,
ADV23008,2024-03-02,11:00,present,Physical,Jia Xi,,,Driving Base - Ultrasonic sensor,,
ADV23013,2024-03-02,11:00,present,Physical,Jia Xi,,,Snake,,
ADV23011,2024-03-02,14:00,present,Physical,,,,Build- Blast,,
ADV23023,2024-03-02,14:00,present,Physical,Tong En,,,Driving Base - Ultrasonic sensor,,
ADV0056,2024-03-02,15:30,present,Physical,Jia Xi,,,Balance Board,,
ADV23048,2024-03-02,15:30,present,Physical,Tong En,,,Insect,,
ADV23049,2024-03-02,15:30,present,Physical,Tong En,,,Insect,,
ADV23034,2024-03-02,16:00,present,Online,,,,,,
ADV0055,2024-03-02,16:00,present,Physical,,,,,,
ADV23076,2024-03-02,16:00,present,Physical,,,,,,
ADV23077,2024-03-02,16:00,present,Physical,,,,,,
ADV24010,2024-03-02,11:00,present,Physical,Jia Xi,,,Flower,,
ADV23050,2024-03-03,09:30,present,Physical,,,,Color Recognition module,,
ADV23019,2024-03-03,11:00,present,Physical,Tong En,,,Scratch,,
ADV23020,2024-03-03,11:00,present,Physical,Tong En,,,Scratch,,
ADV24009,2024-03-03,11:00,present,Physical,Tong En,,,Scratch,,
ADV23012,2024-03-03,11:00,present,Physical,Jia Xi,,,Build- 保龄球发射器,,
ADV23050,2024-03-03,11:00,present,Physical,,,,Computer Science - Cybersecurity,,
ADV23021,2024-03-03,12:00,present,Physical,Jia Xi,,,Flower,,
ADV23041,2024-03-03,14:00,present,Physical,Jia Xi,,,Truck,,
ADV23040,2024-03-03,15:00,present,Physical,,,,,,
ADV23023,2024-03-03,16:00,present,Physical,,,,,,
ADV23026,2024-03-03,16:00,present,Physical,,,,,,
ADV23080,2024-03-03,16:00,present,Physical,,,,,,
ADV23081,2024-03-03,16:00,present,Physical,,,,,,
ADV23018,2024-03-03,16:00,present,Physical,,,,Build- Mars 2020,,
ADV23043,2024-03-05,18:00,present,Online,Aljay,,,Spaceship Game - Bullet collision,,
ADV23085,2024-03-05,19:30,present,Online,Aljay,,,Python - Text based quiz game,,
ADV23029,2024-03-05,20:30,present,Online,Aljay,,,Café game - Create waiter,,
ADV23007,2024-03-07,11:00,present,Physical,Aljay,,,Robotics bootcamp - Missile Launcher,,
ADV0089,2024-03-07,17:00,present,Online,Aljay,,,Unity - Prototype 4 starting,,
ADV23018,2024-03-08,18:30,present,Physical,Aljay,,,Minecraft - Build a Safari,,
ADV23083,2024-03-08,18:30,present,Physical,Aljay,,,Minecraft - Build a Safari,,
ADV24011,2024-03-08,18:30,present,Physical,Aljay,,,Minecraft - Build a Safari,,
ADV24012,2024-03-08,18:30,present,Physical,Aljay,,,Minecraft - Build a Safari,,
ADV23050,2024-03-08,20:30,present,Online,Aljay,,,Flutter - Read data from firebase,,
ADV23003,2024-03-09,09:00,present,Physical,Jia Xi,,,Rafflesia 3D - Lau Mo,,
ADV24008,2024-03-09,09:00,present,Physical,Jia Xi,,,Build - Gorilla,,
ADV23045,2024-03-09,09:30,present,Physical,Aljay,,,,,
ADV23035,2024-03-09,11:00,present,Online,Aljay,,,Platformer Game - Gravity,,
ADV23037,2024-03-09,11:00,present,Online,Aljay,,,Platformer Game - Gravity,,
ADV23004,2024-03-09,11:00,present,Physical,Jia Xi,,,Programming- 保龄球发射器,,
ADV23005,2024-03-09,11:00,present,Physical,Jia Xi,,,Race Truck,,
ADV23006,2024-03-09,11:00,present,Physical,Jia Xi,,,Race Truck,,
ADV23008,2024-03-09,11:00,present,Physical,Jia Xi,,,Spiker,,
ADV23013,2024-03-09,11:00,present,Physical,Jia Xi,,,Gear Shooter - Lau Mo,,
ADV24010,2024-03-09,11:00,present,Physical,Jia Xi,,,Build - Gorilla,,
ADV23009,2024-03-09,13:00,present,Physical,Jia Xi,,,Snake Train,,
ADV23011,2024-03-09,14:00,present,Physical,Jia Xi,,,Build- Blast,,
ADV23023,2024-03-09,14:00,present,Physical,Jia Xi,,,Rafflesia 3D - Lau Mo,,
ADV23024,2024-03-09,14:00,present,Physical,Jia Xi,,,IP man - Lau Mo,,
ADV0057,2024-03-09,15:00,present,Online,Aljay,,,,,
ADV0056,2024-03-09,15:30,present,Physical,Aljay,,,Balance Board,,
ADV23048,2024-03-09,15:30,present,Physical,Jia Xi,,,Rafflesia 3D - Lau Mo,,
ADV23049,2024-03-09,15:30,present,Physical,Jia Xi,,,Rafflesia 3D - Lau Mo,,
ADV23034,2024-03-09,16:00,present,Online,Aljay,,,,,
ADV0055,2024-03-09,16:00,present,Physical,Aljay,,,Minecraft,,
ADV23076,2024-03-09,16:00,present,Physical,Aljay,,,,,
ADV23077,2024-03-09,16:00,present,Physical,Aljay,,,Minecraft,,
ADV23030,2024-03-10,08:45,present,Online,Aljay,,,,,
ADV23050,2024-03-10,09:30,present,Physical,Aljay,,,,,
ADV24009,2024-03-10,11:00,present,Physical,Tong En,,,Scratch,,
ADV23050,2024-03-10,11:00,present,Physical,Aljay,,,,,
ADV23021,2024-03-10,12:00,present,Physical,Jia Xi,,,Helicopter - Lau Mo,,
ADV23022,2024-03-10,14:00,present,Physical,Aljay,,,Scratch,,
ADV24004,2024-03-10,14:00,present,Physical,Tong En,,,Minecraft,,
ADV23041,2024-03-10,14:00,present,Physical,Jia Xi,,,Tracker,,
ADV24005,2024-03-10,14:00,present,Physical,Tong En,,,Scratch,,
ADV23040,2024-03-10,15:00,present,Physical,Aljay,,,,,
ADV23023,2024-03-10,16:00,present,Physical,Aljay,,,,,
ADV23024,2024-03-10,16:00,present,Physical,Aljay,,,,,
ADV23026,2024-03-10,16:00,present,Physical,Aljay,,,,,
ADV23027,2024-03-10,16:00,present,Physical,Aljay,,,,,
ADV23028,2024-03-10,16:00,present,Physical,Aljay,,,,,
ADV23080,2024-03-10,16:00,present,Physical,Aljay,,,,,
ADV23081,2024-03-10,16:00,present,Physical,Aljay,,,,,
ADV23018,2024-03-10,16:00,present,Physical,,,,Build- Mars 2020,,
ADV23043,2024-03-12,18:00,present,Online,Aljay,,,Scratch - Add player's lives and Win & Lose,,
ADV23085,2024-03-12,19:30,present,Online,Aljay,,,Python - Complete guessing game,,
ADV23029,2024-03-12,20:30,present,Online,Aljay,,,Café Game - Added order message,,
ADV23007,2024-03-14,11:00,present,Physical,Tong En,,,Build Gyro Boy,,
ADV0089,2024-03-14,17:00,present,Online,Aljay,,,Unity - Program enemy,,
ADV24013,2024-03-14,18:30,present,Physical,Aljay,,,Build Driving Base,,
ADV23018,2024-03-15,18:30,present,Physical,Aljay,,,Safari Upgrade,,
ADV23083,2024-03-15,18:30,present,Physical,Aljay,,,Safari Upgrade,,
ADV24011,2024-03-15,18:30,present,Physical,Aljay,,,Safari Upgrade,,
ADV24012,2024-03-15,18:30,present,Physical,Aljay,,,Safari Upgrade,,
ADV23050,2024-03-15,20:30,present,Online,Aljay,,,Completed firebase flutter basic app,,
ADV0045,2024-03-16,09:00,present,Physical,Tong En,,,Angle Fish,,
ADV23045,2024-03-16,09:30,present,Physical,Aljay,,,,,
ADV23075,2024-03-16,09:30,present,Physical,Jia Xi,,,Creative Activity,,
ADV23035,2024-03-16,11:00,present,Online,,,,,,
ADV23037,2024-03-16,11:00,present,Online,,,,,,
ADV23004,2024-03-16,11:00,present,Physical,Jia Xi,,,Race Truck,,
ADV23005,2024-03-16,11:00,present,Physical,Jia Xi,,,Race Truck,,
ADV23006,2024-03-16,11:00,present,Physical,Tong En,,,"Red Light, Green Light 123 - Lau Mo",,
ADV23008,2024-03-16,11:00,present,Physical,Jia Xi,,,Spike,,
ADV23013,2024-03-16,11:00,present,Physical,Jia Xi,,,Gear Shooter - Lau Mo,,
ADV23011,2024-03-16,14:00,present,Physical,Jia Xi,,,摩天轮 - Lau Mo,,
ADV23023,2024-03-16,14:00,present,Physical,Tong En,,,Exam,,
ADV23024,2024-03-16,14:00,present,Physical,Tong En,,,Exam,,
ADV0057,2024-03-16,15:00,present,Online,Aljay,,,,,
ADV0056,2024-03-16,15:30,present,Physical,Aljay,,,Balance Board,,
ADV23048,2024-03-16,15:30,present,Physical,Jia Xi,,,Pirate Ship - Lau Mo,,
ADV23049,2024-03-16,15:30,present,Physical,Tong En,,,Pirate Ship - Lau Mo,,
ADV23034,2024-03-16,16:00,present,Online,Aljay,,,,,
ADV0055,2024-03-16,16:00,present,Physical,Aljay,,,,,
ADV23076,2024-03-16,16:00,present,Physical,Aljay,,,,,
ADV23077,2024-03-16,16:00,present,Physical,Aljay,,,,,
ADV23080,2024-03-16,16:00,present,Physical,Jia Xi,,,Bipet Walking Robot - Lau Mo,,
ADV23081,2024-03-16,16:00,present,Physical,Jia Xi,,,Bipet Walking Robot - Lau Mo,,
ADV23030,2024-03-17,08:45,present,Online,Aljay,,,,,
ADV23050,2024-03-17,09:30,present,Physical,Aljay,,,,,
ADV23019,2024-03-17,11:00,present,Physical,Tong En,,,Scratch,,
ADV23020,2024-03-17,11:00,present,Physical,Tong En,,,Scratch,,
ADV24009,2024-03-17,11:00,present,Physical,Tong En,,,Scratch,,
ADV23012,2024-03-17,11:00,present,Physical,Jia Xi,,,Creative Activity,,
ADV23021,2024-03-17,12:00,present,Physical,Jia Xi,,,One Kits Project - Stand-up scooter,,
ADV23022,2024-03-17,14:00,present,Physical,Aljay,,,Scratch,,
ADV23041,2024-03-17,14:00,present,Physical,Jia Xi,,,One Kits Project - Formula 1 car,,
ADV23040,2024-03-17,15:00,present,Physical,Aljay,,,Unity,,
ADV23023,2024-03-17,16:00,present,Physical,Aljay,,,Scratch,,
ADV23024,2024-03-17,16:00,present,Physical,Aljay,,,Scratch,,
ADV23026,2024-03-17,16:00,present,Physical,Aljay,,,Scratch,,
ADV23027,2024-03-17,16:00,present,Physical,Aljay,,,Scratch,,
ADV23028,2024-03-17,16:00,present,Physical,Aljay,,,Scratch,,
ADV23080,2024-03-17,16:00,present,Physical,Aljay,,,Scratch,,
ADV23081,2024-03-17,16:00,present,Physical,Aljay,,,Scratch,,
ADV23018,2024-03-17,16:00,present,Physical,Jia Xi,,,Quadcopter - One Kits Project,,
ADV23043,2024-03-19,18:00,present,Online,Aljay,,,,,
ADV23029,2024-03-19,20:30,present,Online,Aljay,,,,,
ADV0089,2024-03-21,17:00,present,Online,Aljay,,,,,
ADV24013,2024-03-21,18:30,present,Physical,Aljay,,,Build and program Gorillla,,
ADV23018,2024-03-22,18:30,present,Physical,Aljay,,,,,
ADV23083,2024-03-22,18:30,present,Physical,Aljay,,,,,
ADV24011,2024-03-22,18:30,present,Physical,Aljay,,,,,
ADV24012,2024-03-22,18:30,present,Physical,Aljay,,,,,
ADV23050,2024-03-22,20:30,present,Online,Aljay,,,,,
ADV0045,2024-03-23,09:00,present,Physical,Jia Xi,,,Build: 保龄球发射器,,
ADV23042,2024-03-23,09:00,present,Physical,Tong En,,,Build: Chicken,,
ADV23045,2024-03-23,09:30,present,Physical,,,,,,
ADV23075,2024-03-23,09:30,present,Physical,Jia Xi,,,Touch Sensor,,
ADV23035,2024-03-23,11:00,present,Online,Aljay,,,Change Scene,,
ADV23037,2024-03-23,11:00,present,Online,Aljay,,,Change Scene,,
ADV23004,2024-03-23,11:00,present,Physical,Jia Xi,,,Race Truck - Programming,,
ADV23005,2024-03-23,11:00,present,Physical,Jia Xi,,,Race Truck - Programming,,
ADV23006,2024-03-23,11:00,present,Physical,Tong En,,,"Red Light, Green Light 123 - Lau Mo",,
ADV23007,2024-03-23,11:00,present,Physical,,,,,,
ADV23008,2024-03-23,11:00,present,Physical,Tong En,,,Spike,,
ADV23013,2024-03-23,11:00,present,Physical,Jia Xi,,,Bobber,,
ADV23011,2024-03-23,14:00,present,Physical,Jia Xi,,,,,
ADV23023,2024-03-23,14:00,present,Physical,Jia Xi,,,,,
ADV23024,2024-03-23,14:00,present,Physical,Tong En,,,,,
ADV0057,2024-03-23,15:00,present,Online,Aljay,,,,,
ADV0056,2024-03-23,15:30,present,Physical,Tong En,,,,,
ADV23034,2024-03-23,16:00,present,Online,Aljay,,,,,
ADV0055,2024-03-23,16:00,present,Physical,Tong En,,,,,
ADV23076,2024-03-23,16:00,present,Physical,Aljay,,,,,
ADV23077,2024-03-23,16:00,present,Physical,,,,,,
ADV23050,2024-03-24,09:30,present,Physical,,,,,,
ADV23019,2024-03-24,11:00,present,Physical,Tong En,,,Scratch,,
ADV23020,2024-03-24,11:00,present,Physical,Tong En,,,Scratch,,
ADV24009,2024-03-24,11:00,present,Physical,Tong En,,,Scratch,,
ADV23050,2024-03-24,11:00,present,Physical,,,,,,
ADV23021,2024-03-24,12:00,present,Physical,Jia Xi,,,Vending Machine - One Kits Project,,
ADV23022,2024-03-24,14:00,present,Physical,,,,,,
ADV23041,2024-03-24,14:00,present,Physical,Jia Xi,,,One Kits Project - Formula 1 car,,
ADV23023,2024-03-24,16:00,present,Physical,Aljay,,,Scratch,,
ADV23026,2024-03-24,16:00,present,Physical,Aljay,,,Scratch,,
ADV23027,2024-03-24,16:00,present,Physical,Aljay,,,Scratch,,
ADV23028,2024-03-24,16:00,present,Physical,Aljay,,,Scratch,,
ADV23080,2024-03-24,16:00,present,Physical,Aljay,,,Scratch,,
ADV23081,2024-03-24,16:00,present,Physical,Aljay,,,Scratch,,
ADV23043,2024-03-26,18:00,present,Online,,,,,,
ADV23085,2024-03-26,19:30,present,Online,,,,,,
ADV23029,2024-03-26,20:30,present,Online,,,,,,
ADV0089,2024-03-28,17:00,present,Online,,,,,,
ADV24013,2024-03-28,18:30,present,Physical,,,,,,
ADV23018,2024-03-29,18:30,present,Physical,,,,,,
ADV23083,2024-03-29,18:30,present,Physical,,,,,,
ADV24011,2024-03-29,18:30,present,Physical,,,,,,
ADV24012,2024-03-29,18:30,present,Physical,,,,,,
ADV23050,2024-03-29,20:30,present,Online,,,,,,
ADV0045,2024-03-30,09:00,present,Physical,Jia Xi,,,Build: 保龄球发射器,,
ADV23042,2024-03-30,09:00,present,Physical,Jia Xi,,,Build: Chicken,,
ADV24008,2024-03-30,09:00,present,Physical,Jia Xi,,,Build: Insect,,
ADV23045,2024-03-30,09:30,present,Physical,Aljay,,,,,
ADV23075,2024-03-30,09:30,present,Physical,Jia Xi,,,Creative Activity: Controller,,
ADV23035,2024-03-30,11:00,present,Online,Aljay,,,,,
ADV23004,2024-03-30,11:00,present,Physical,Jia Xi,,,EV3 - MEG,,
ADV23005,2024-03-30,11:00,present,Physical,Jia Xi,,,Formula 1 Car - One Kits Project,,
ADV23006,2024-03-30,11:00,present,Physical,Jia Xi,,,Squid Game - Lau Mo,,
ADV23007,2024-03-30,11:00,present,Physical,Jia Xi,,,Build: 保龄球发射器,,
ADV23008,2024-03-30,11:00,present,Physical,Jia Xi,,,Spike - Programming,,
ADV23013,2024-03-30,11:00,present,Physical,Jia Xi,,,Bobber,,
ADV24015,2024-03-30,14:00,present,Physical,Aljay,,,Minecraft - (Build aquarium),,
ADV24016,2024-03-30,14:00,present,Physical,Aljay,,,Minecraft - (Build aquarium),,
ADV23011,2024-03-30,14:00,present,Physical,Tong En,,,Build: Spike,,
ADV23023,2024-03-30,14:00,present,Physical,Tong En,,,Driving Base: Customise Block,,
ADV23024,2024-03-30,14:00,present,Physical,Tong En,,,Driving Base: Customise Block,,
ADV0056,2024-03-30,15:30,present,Physical,Tong En,,,Squid Game - Lau Mo,,
ADV23034,2024-03-30,16:00,present,Online,Aljay,,,,,
ADV0055,2024-03-30,16:00,present,Physical,Aljay,,,,,
ADV23076,2024-03-30,16:00,present,Physical,,,,,,
ADV23077,2024-03-30,16:00,present,Physical,Aljay,,,,,
ADV23080,2024-03-30,16:00,present,Physical,Jia Xi,,,Bipet Walking Robot - Lau Mo,,
ADV23081,2024-03-30,16:00,present,Physical,Jia Xi,,,Rubber Gun - Lau Mo,,
ADV23050,2024-03-31,09:30,present,Physical,Aljay,,,,,
ADV23019,2024-03-31,11:00,present,Physical,Tong En,,,Scratch,,
ADV23020,2024-03-31,11:00,present,Physical,Tong En,,,Scratch,,
ADV24009,2024-03-31,11:00,present,Physical,Tong En,,,Scratch,,
ADV23050,2024-03-31,11:00,present,Physical,Aljay,,,,,
ADV23021,2024-03-31,12:00,present,Physical,Tong En,,,Vending Machine - One Kits Project,,
ADV0014,2024-03-31,14:00,present,Physical,Jia Xi,,,Program - Formula 1 Car,,
ADV23041,2024-03-31,14:00,present,Physical,Jia Xi,,,Program- Formula 1 car,,
ADV23040,2024-03-31,15:00,present,Physical,Aljay,,,Unity,,
ADV23023,2024-03-31,16:00,present,Physical,Tong En,,,Scratch,,
ADV23026,2024-03-31,16:00,present,Physical,Tong En,,,Scratch,,
ADV23027,2024-03-31,16:00,present,Physical,Tong En,,,Scratch,,
ADV23028,2024-03-31,16:00,present,Physical,Tong En,,,Scratch,,
ADV23080,2024-03-31,16:00,present,Physical,Tong En,,,Scratch,,
ADV23081,2024-03-31,16:00,present,Physical,Tong En,,,Scratch,,
ADV23018,2024-03-31,16:00,present,Physical,Jia Xi,,,EV3 - MEG,,
ADV23043,2024-04-03,18:00,present,Online,,,,,,
ADV23085,2024-04-03,19:30,present,Online,,,,,,
ADV23029,2024-04-03,20:30,present,Online,,,,,,
ADV0089,2024-04-04,17:00,present,Online,,,,,,
ADV24013,2024-04-04,18:30,present,Physical,,,,,,
ADV24018,2024-04-04,18:30,present,Physical,Tong En,,,Build Driving Base,,
ADV23018,2024-04-05,18:30,present,Physical,,,,,,
ADV23083,2024-04-05,18:30,present,Physical,,,,,,
ADV24011,2024-04-05,18:30,present,Physical,,,,,,
ADV24012,2024-04-05,18:30,present,Physical,,,,,,
ADV23050,2024-04-05,20:30,present,Online,,,,,,
ADV0045,2024-04-06,09:00,present,Physical,Jia Xi,,,Build: 保龄球发射器,,
ADV23045,2024-04-06,09:30,present,Physical,Aljay,,,,,
ADV23035,2024-04-06,11:00,present,Online,,,,,,
ADV23037,2024-04-06,11:00,present,Online,,,,,,
ADV23004,2024-04-06,11:00,present,Physical,Jia Xi,,,EV3 - MEG,,
ADV23005,2024-04-06,11:00,present,Physical,Jia Xi,,,Formula 1 Car - One Kits Project,,
ADV23006,2024-04-06,11:00,present,Physical,Tong En,,,Robotics Arm,,
ADV23007,2024-04-06,11:00,present,Physical,Tong En,,,Programme: 保龄球发射器,,
ADV23008,2024-04-06,11:00,present,Physical,Jia Xi,,,Gripper,,
ADV23013,2024-04-06,11:00,present,Physical,Jia Xi,,,Bobber,,
ADV24015,2024-04-06,14:00,present,Physical,Tong En,,,Minecraft - Zoo,,
ADV24016,2024-04-06,14:00,present,Physical,Tong En,,,Minecraft - Zoo,,
ADV24017,2024-04-06,14:00,present,Physical,Tong En,,,Minecraft - Zoo,,
ADV23011,2024-04-06,14:00,present,Physical,Tong En,,,Spike,,
ADV23023,2024-04-06,14:00,present,Physical,Tong En,,,Build: 诸葛连弩 - Lau Mo,,
ADV23024,2024-04-06,14:00,present,Physical,Tong En,,,Build: Mini Gun - Lau Mo,,
ADV24018,2024-04-06,14:00,present,Physical,Tong En,,,Program Driving Base,,
ADV0057,2024-04-06,15:00,present,Online,,,,,,
ADV0056,2024-04-06,15:30,present,Physical,Tong En,,,Squid Game - Lau Mo,,
ADV23048,2024-04-06,15:30,present,Physical,Jia Xi,,,Build: 诸葛连弩 - Lau Mo,,
ADV23049,2024-04-06,15:30,present,Physical,Tong En,,,Build: 诸葛连弩 - Lau Mo,,
ADV23034,2024-04-06,16:00,present,Online,Aljay,,,,,
ADV0055,2024-04-06,16:00,present,Physical,Aljay,,,,,
ADV23076,2024-04-06,16:00,present,Physical,Aljay,,,,,
ADV23077,2024-04-06,16:00,present,Physical,Aljay,,,,,
ADV23080,2024-04-06,16:00,present,Physical,Jia Xi,,,Build: Chicken - Lau Mo,,
ADV23081,2024-04-06,16:00,present,Physical,Jia Xi,,,Programme: Bipet Walking Robot - Lau Mo,,
ADV23012,2024-04-07,11:00,present,Physical,Jia Xi,,,Quadcopter - One Kits Project,,
ADV23021,2024-04-07,12:00,present,Physical,Jia Xi,,,One Kids Project: Snake Train,,
ADV24019,2024-04-07,12:00,present,Physical,Jia Xi,,,Gorilla,,
ADV23040,2024-04-07,15:00,present,Physical,Aljay,,,,,
ADV23023,2024-04-07,16:00,present,Physical,Aljay,,,Scratch,,
ADV23024,2024-04-07,16:00,present,Physical,Aljay,,,Scratch,,
ADV23026,2024-04-07,16:00,present,Physical,Aljay,,,Scratch,,
ADV23027,2024-04-07,16:00,present,Physical,Aljay,,,Scratch,,
ADV23028,2024-04-07,16:00,present,Physical,Aljay,,,Scratch,,
ADV23080,2024-04-07,16:00,present,Physical,Tong En,,,Minecraft: Build House,,
ADV23081,2024-04-07,16:00,present,Physical,Tong En,,,Minecraft: Build House,,
ADV23018,2024-04-07,16:00,present,Physical,Jia Xi,,,One Kids Project: Hammer Car,,
ADV24018,2024-04-09,16:00,present,Physical,,,,,,
ADV23029,2024-04-09,20:30,present,Online,,,,,,
ADV0089,2024-04-11,17:00,present,Online,,,,,,
ADV23018,2024-04-12,18:30,present,Physical,,,,,,
ADV23083,2024-04-12,18:30,present,Physical,,,,,,
ADV24011,2024-04-12,18:30,present,Physical,,,,,,
ADV24012,2024-04-12,18:30,present,Physical,,,,,,
ADV24018,2024-04-12,18:30,present,Physical,,,,,,
ADV23050,2024-04-12,20:30,present,Online,,,,,,
ADV23042,2024-04-13,09:00,present,Physical,Jia Xi,,,Insect,,
ADV24008,2024-04-13,09:00,present,Physical,Jia Xi,,,Insect,,
ADV23045,2024-04-13,09:30,present,Physical,Aljay,,,,,
ADV23075,2024-04-13,09:30,present,Physical,Jia Xi,,,1 Motor Walker,,
ADV23035,2024-04-13,11:00,present,Online,,,,,,
ADV23037,2024-04-13,11:00,present,Online,,,,,,
ADV23004,2024-04-13,11:00,present,Physical,Jia Xi,,,EV3 - MEG,,
ADV23005,2024-04-13,11:00,present,Physical,Jia Xi,,,Center Drive Platform,,
ADV23006,2024-04-13,11:00,present,Physical,Aljay,,,Robotics Arm - Programming,,
ADV23007,2024-04-13,11:00,present,Physical,Aljay,,,Robotics Arm - Programming,,
ADV23008,2024-04-13,11:00,present,Physical,Jia Xi,,,Building: Gripper,,
ADV23013,2024-04-13,11:00,present,Physical,Jia Xi,,,Bobber - Programming,,
ADV24017,2024-04-13,14:00,present,Physical,Aljay,,,,,
ADV23011,2024-04-13,14:00,present,Physical,Jia Xi,,,Spike - Programming,,
ADV23023,2024-04-13,14:00,present,Physical,Jia Xi,,,Sorter Bot,,
ADV23024,2024-04-13,14:00,present,Physical,Jia Xi,,,Build: Mini Gun - Lau Mo,,
ADV0057,2024-04-13,15:00,present,Online,,,,,,
ADV0056,2024-04-13,15:30,present,Physical,Aljay,,,Squid Game - Lau Mo,,
ADV23048,2024-04-13,15:30,present,Physical,Jia Xi,,,Bobber,,
ADV23049,2024-04-13,15:30,present,Physical,Jia Xi,,,Bobber,,
ADV23034,2024-04-13,16:00,present,Online,,,,,,
ADV0055,2024-04-13,16:00,present,Physical,Aljay,,,,,
ADV24009,2024-04-14,11:00,present,Physical,Tong En,,,Scratch,,
ADV23012,2024-04-14,11:00,present,Physical,Jia Xi,,,Race Truck,,
ADV23021,2024-04-14,12:00,present,Physical,Jia Xi,,,Flower,,
ADV24019,2024-04-14,12:00,present,Physical,Jia Xi,,,Flower,,
ADV23022,2024-04-14,14:00,present,Physical,Aljay,,,,,
ADV0014,2024-04-14,14:00,present,Physical,,,,Vending Machine,,
ADV23041,2024-04-14,14:00,present,Physical,Jia Xi,,,Self Parking Car,,
ADV23040,2024-04-14,15:00,present,Physical,Aljay,,,,,
ADV23023,2024-04-14,16:00,present,Physical,Aljay,,,Scratch,,
ADV23024,2024-04-14,16:00,present,Physical,Aljay,,,Scratch,,
ADV23027,2024-04-14,16:00,present,Physical,Aljay,,,Scratch,,
ADV23028,2024-04-14,16:00,present,Physical,Aljay,,,Scratch,,
ADV23018,2024-04-14,16:00,present,Physical,,,,One Kids Project: Hammer Car,,
ADV23043,2024-04-16,18:00,present,Online,Aljay,,,Scratch - Zombie Shooting Spawn Zombie clones,,
ADV23029,2024-04-16,20:30,present,Online,Aljay,,,Blender - 3D modeling Well,,
ADV23085,2024-04-17,17:30,present,Online,Aljay,,,Python for loop challenge,,
ADV0089,2024-04-18,17:00,present,Online,,,,,,
ADV24013,2024-04-18,18:30,present,Physical,Aljay,,,Program Hammer Driving Base,,
ADV23018,2024-04-19,18:30,present,Physical,Aljay,,,Minecraft PVP Stadium NPC,,
ADV23083,2024-04-19,18:30,present,Physical,Aljay,,,Minecraft PVP Stadium NPC,,
ADV24011,2024-04-19,18:30,present,Physical,Aljay,,,Minecraft PVP Stadium NPC,,
ADV24012,2024-04-19,18:30,present,Physical,Aljay,,,Minecraft PVP Stadium NPC,,
ADV24018,2024-04-19,18:30,present,Physical,Aljay,,,Program Gorilla,,
ADV23050,2024-04-19,20:30,present,Online,Aljay,,,Kangaroo Math Practice,,
ADV0045,2024-04-20,09:00,present,Physical,Jia Xi,,,Build: Ip Man - Lau Mo,,
ADV23003,2024-04-20,09:00,present,Physical,Jia Xi,,,Build: Mini Gun - Lau Mo,,
ADV23042,2024-04-20,09:00,present,Physical,Jia Xi,,,Build: Insect,,
ADV24024,2024-04-20,09:00,present,Physical,,,,,,
ADV23045,2024-04-20,09:30,present,Physical,Aljay,,,,,
ADV23075,2024-04-20,09:30,present,Physical,Jia Xi,,,Build: Music Instrucment - Lau Mo,,
ADV23035,2024-04-20,11:00,present,Online,,,,,,
ADV23037,2024-04-20,11:00,present,Online,,,,,,
ADV23004,2024-04-20,11:00,present,Physical,Jia Xi,,,EV3 - MEG,,
ADV23005,2024-04-20,11:00,present,Physical,Jia Xi,,,Claw Clone,,
ADV23006,2024-04-20,11:00,present,Physical,Aljay,,,Robotics Arm - Programming,,
ADV23007,2024-04-20,11:00,present,Physical,Jia Xi,,,Robotics Arm - Programming,,
ADV23008,2024-04-20,11:00,present,Physical,Jia Xi,,,Building: Gripper,,
ADV23013,2024-04-20,11:00,present,Physical,Jia Xi,,,Build: Music Instrucment - Lau Mo,,
ADV23009,2024-04-20,13:00,present,Physical,Jia Xi,,,Formula 1 Car - One Kits Project,,
ADV24015,2024-04-20,14:00,present,Physical,Jia Xi,,,Minecraft,,
ADV24016,2024-04-20,14:00,present,Physical,Jia Xi,,,Minecraft,,
ADV24017,2024-04-20,14:00,present,Physical,Jia Xi,,,Minecraft,,
ADV23023,2024-04-20,14:00,present,Physical,Jia Xi,,,Build: Music Instrucment - Lau Mo,,
ADV23024,2024-04-20,14:00,present,Physical,Jia Xi,,,Build: Ip Man - Lau Mo,,
ADV0057,2024-04-20,15:00,present,Online,Aljay,,,,,
ADV0056,2024-04-20,15:30,present,Physical,Jia Xi,,,Build: Music Instrucment - Lau Mo,,
ADV23034,2024-04-20,16:00,present,Online,Aljay,,,,,
ADV0055,2024-04-20,16:00,present,Physical,,,,Minecraft,,
ADV24024,2024-04-21,09:00,present,Physical,Jia Xi,,,Gorilla,,
ADV24027,2024-04-21,09:00,present,Physical,Jia Xi,,,Driving Base,,
ADV23050,2024-04-21,09:30,present,Physical,Aljay,,,Do Kangaroo Math,,
ADV23019,2024-04-21,11:00,present,Physical,Aljay,,,Scratch - Clones & Random Movement,,
ADV23020,2024-04-21,11:00,present,Physical,Aljay,,,Scratch - Clones & Random Movement,,
ADV24009,2024-04-21,11:00,present,Physical,Aljay,,,Scratch - Clones & Random Movement,,
ADV23012,2024-04-21,11:00,present,Physical,Jia Xi,,,Creative Activity,,
ADV23050,2024-04-21,11:00,present,Physical,Aljay,,,,,
ADV23021,2024-04-21,12:00,present,Physical,Jia Xi,,,Build: Music Instrucment - Lau Mo,,
ADV24026,2024-04-21,12:00,present,Physical,Jia Xi,,,Trial,,
ADV23022,2024-04-21,14:00,present,Physical,Jia Xi,,,Build: Music Instrucment - Lau Mo,,
ADV0014,2024-04-21,14:00,present,Physical,Aljay,,,Roblox - Game Design and Lua,,
ADV23041,2024-04-21,14:00,present,Physical,Jia Xi,,,Build: Music Instrucment - Lau Mo,,
ADV23040,2024-04-21,15:00,present,Physical,Aljay,,,,,
ADV23023,2024-04-21,16:00,present,Physical,Aljay,,,,,
ADV23026,2024-04-21,16:00,present,Physical,Aljay,,,,,
ADV23027,2024-04-21,16:00,present,Physical,Aljay,,,,,
ADV23028,2024-04-21,16:00,present,Physical,Aljay,,,,,
ADV23018,2024-04-21,16:00,present,Physical,Jia Xi,,,Programming: Music Instrucment - Lau Mo,,
ADV24023,2024-04-21,16:00,present,Physical,Jia Xi,,,Trial,,
ADV23043,2024-04-23,18:00,present,Online,Aljay,,,,,
ADV23029,2024-04-23,20:30,present,Online,Aljay,,,,,
ADV23085,2024-04-24,17:30,present,Online,Aljay,,,,,
ADV0089,2024-04-25,17:00,present,Online,Aljay,,,,,
ADV23018,2024-04-26,18:30,present,Physical,Aljay,,,Minecraft PVP Stadium NPC,,
ADV23083,2024-04-26,18:30,present,Physical,Aljay,,,Minecraft PVP Stadium NPC,,
ADV24011,2024-04-26,18:30,present,Physical,Aljay,,,Minecraft PVP Stadium NPC,,
ADV24012,2024-04-26,18:30,present,Physical,Aljay,,,Minecraft PVP Stadium NPC,,
ADV24018,2024-04-26,18:30,present,Physical,Tong En,,,Flower,,
ADV24025,2024-04-26,18:30,present,Physical,Aljay,,,Trial Class,,
ADV23050,2024-04-26,20:30,present,Online,,,,,,
ADV0045,2024-04-27,09:00,present,Physical,Jia Xi,,,Build: Ip Man - Lau Mo,,
ADV24008,2024-04-27,09:00,present,Physical,Jia Xi,,,Build: Insect,,
ADV24024,2024-04-27,09:00,present,Physical,Jia Xi,,,Build: Insect,,
ADV23035,2024-04-27,11:00,present,Online,Aljay,,,Platformer Added Enemy and Checkpoints,,
ADV23037,2024-04-27,11:00,present,Online,Aljay,,,Platformer Added Enemy and Checkpoints,,
ADV23004,2024-04-27,11:00,present,Physical,Jia Xi,,,Gyro Boy,,
ADV23005,2024-04-27,11:00,present,Physical,Tong En,,,Build: Mini Gun - Lau Mo,,
ADV23006,2024-04-27,11:00,present,Physical,Tong En,,,Robotics Arm,,
ADV23007,2024-04-27,11:00,present,Physical,Tong En,,,Robotics Arm,,
ADV23008,2024-04-27,11:00,present,Physical,Tong En,,,Building: Gripper,,
ADV23013,2024-04-27,11:00,present,Physical,Tong En,,,Programming: Music Instrucment - Lau Mo,,
ADV23009,2024-04-27,13:00,present,Physical,Jia Xi,,,Formula 1 Car - One Kits Project,,
ADV24015,2024-04-27,14:00,present,Physical,Aljay,,,Minecraft,,
ADV24016,2024-04-27,14:00,present,Physical,Aljay,,,Minecraft,,
ADV24017,2024-04-27,14:00,present,Physical,Tong En,,,Minecraft,,
ADV23011,2024-04-27,14:00,present,Physical,Tong En,,,Vending Machine,,
ADV23024,2024-04-27,14:00,present,Physical,,,,Bobbe3,,
ADV24021,2024-04-27,14:00,present,Physical,Jia Xi,,,Insect,,
ADV0057,2024-04-27,15:00,present,Online,,,,,,
ADV0056,2024-04-27,15:30,present,Physical,Tong En,,,Building: Music Instrucment - Lau Mo,,
ADV23048,2024-04-27,15:30,present,Physical,Jia Xi,,,Bobber,,
ADV23049,2024-04-27,15:30,present,Physical,Jia Xi,,,Bobber,,
ADV23034,2024-04-27,16:00,present,Online,,,,,,
ADV0055,2024-04-27,16:00,present,Physical,Tong En,,,,,
ADV24028,2024-04-27,16:00,present,Physical,Jia Xi,,,Trial Class,,
ADV23042,2024-04-28,09:00,present,Physical,Jia Xi,,,Bobber,,
ADV24023,2024-04-28,09:00,present,Physical,Jia Xi,,,,,
ADV24024,2024-04-28,09:00,present,Physical,Jia Xi,,,Flower,,
ADV24030,2024-04-28,09:00,present,Physical,,,,,,
ADV23019,2024-04-28,11:00,present,Physical,Tong En,,,Scratch,,
ADV23020,2024-04-28,11:00,present,Physical,Tong En,,,Scratch,,
ADV23012,2024-04-28,11:00,present,Physical,Jia Xi,,,Creative Activity,,
ADV23021,2024-04-28,12:00,present,Physical,Jia Xi,,,Bobber,,
ADV0014,2024-04-28,14:00,present,Physical,Aljay,,,,,
ADV23041,2024-04-28,14:00,present,Physical,Jia Xi,,,Stair Climber,,
ADV23040,2024-04-28,15:00,present,Physical,,,,,,
ADV23023,2024-04-28,16:00,present,Physical,,,,Scratch,,
ADV23024,2024-04-28,16:00,present,Physical,,,,Scratch,,
ADV23027,2024-04-28,16:00,present,Physical,,,,Scratch,,
ADV23028,2024-04-28,16:00,present,Physical,,,,Scratch,,
ADV23018,2024-04-28,16:00,present,Physical,Jia Xi,,,Flipping Gymnast,,
ADV24023,2024-04-28,16:00,present,Physical,Jia Xi,,,Flower,,
ADV24029,2024-04-28,17:00,present,Physical,Aljay,,,Trial Class for Python,,
ADV0089,2024-05-02,17:00,present,Online,Aljay,,,,,
ADV24013,2024-05-02,18:30,present,Physical,Aljay,,,Build Tracker and do simple programming,,
ADV23018,2024-05-03,17:00,present,Physical,Aljay,,,,,
ADV23083,2024-05-03,17:00,present,Physical,Aljay,,,,,
ADV24011,2024-05-03,17:00,present,Physical,Aljay,,,,,
ADV24012,2024-05-03,17:00,present,Physical,Aljay,,,,,
ADV24018,2024-05-03,18:30,present,Physical,Tong En,,,Build: Flower,,
ADV24025,2024-05-03,18:30,present,Physical,Aljay,,,,,
ADV23050,2024-05-04,09:00,present,Online,Aljay,,,Kangaroo Math,,
ADV0045,2024-05-04,09:00,present,Physical,Tong En,,,Build: Fan(Lau mo),,
ADV23003,2024-05-04,09:00,present,Physical,Tong En,,,Program Mini Gun,,
ADV23045,2024-05-04,09:30,present,Physical,Aljay,,,,,
ADV23075,2024-05-04,09:30,present,Physical,Tong En,,,Program Music Instrument,,
ADV23035,2024-05-04,11:00,present,Online,Aljay,,,,,
ADV23037,2024-05-04,11:00,present,Online,Aljay,,,,,
ADV23004,2024-05-04,11:00,present,Physical,Tong En,,,Build: Gyro Boy,,
ADV23005,2024-05-04,11:00,present,Physical,Tong En,,,Build: Gun,,
ADV23006,2024-05-04,11:00,present,Physical,Tong En,,,Build: 宝可梦发牌器(Lau mo),,
ADV23007,2024-05-04,11:00,present,Physical,Tong En,,,Build and Program: Reibung Bauanleitung,,
ADV23008,2024-05-04,11:00,present,Physical,Tong En,,,Program: Gripper,,
ADV23013,2024-05-04,11:00,present,Physical,Tong En,,,Build: Sorter Bot,,
ADV24022,2024-05-04,11:00,present,Physical,Tong En,,,Build: Gorilla,,
ADV23009,2024-05-04,13:00,present,Physical,Tong En,,,Formula 1 Car - One Kits Project,,
ADV24017,2024-05-04,14:00,present,Physical,Tong En,,,Minecraft,,
ADV23011,2024-05-04,14:00,present,Physical,Tong En,,,,,
ADV23023,2024-05-04,14:00,present,Physical,Tong En,,,Build: Pick and Place,,
ADV23024,2024-05-04,14:00,present,Physical,Tong En,,,Bobbe3,,
ADV24021,2024-05-04,14:00,present,Physical,Tong En,,,Program: insect,,
ADV0056,2024-05-04,15:30,present,Physical,,,,,,
ADV23048,2024-05-04,15:30,present,Physical,Tong En,,,Build: Sorter Bot,,
ADV23049,2024-05-04,15:30,present,Physical,Tong En,,,Build: Sorter Bot,,
ADV23034,2024-05-04,16:00,present,Online,Aljay,,,Scratch Platformer,,
ADV0055,2024-05-04,16:00,present,Physical,Tong En,,,Minecraft,,
ADV24023,2024-05-04,16:00,present,Physical,Tong En,,,Program: Flower,,
ADV24030,2024-05-04,16:00,present,Physical,Tong En,,,Minecraft Trial,,
ADV24031,2024-05-04,16:00,present,Physical,Tong En,,,Build Gorilla,,
ADV23042,2024-05-05,09:00,present,Physical,Tong En,,,Build: tracker,,
ADV24024,2024-05-05,09:00,present,Physical,Tong En,,,Build: Flower,,
ADV23050,2024-05-05,09:30,present,Physical,Aljay,,,,,
ADV23019,2024-05-05,11:00,present,Physical,Tong En,,,Scratch,,
ADV23020,2024-05-05,11:00,present,Physical,Tong En,,,Scratch,,
ADV23050,2024-05-05,11:00,present,Physical,Aljay,,,,,
ADV24009,2024-05-05,11:00,present,Physical,Tong En,,,Scratch,,
ADV23021,2024-05-05,12:00,present,Physical,Tong En,,,Build and Program:,,
ADV24019,2024-05-05,12:00,present,Physical,Tong En,,,Build and Program: Insect,,
ADV24019,2024-05-05,12:00,present,Physical,Tong En,,,Replacement class,,
ADV24026,2024-05-05,12:00,present,Physical,Tong En,,,Build: Flower,,
ADV23050,2024-05-05,13:30,present,Physical,Aljay,,,,,
ADV23022,2024-05-05,14:00,present,Physical,Aljay,,,Scratch,,
ADV23041,2024-05-05,14:00,present,Physical,Tong En,,,Build and Program: Flipping Gymnast,,
ADV23023,2024-05-05,16:00,present,Physical,Aljay,,,Scratch,,
ADV23024,2024-05-05,16:00,present,Physical,Aljay,,,Scratch,,
ADV23026,2024-05-05,16:00,present,Physical,Aljay,,,Scratch,,
ADV23027,2024-05-05,16:00,present,Physical,Aljay,,,Scratch,,
ADV23028,2024-05-05,16:00,present,Physical,Aljay,,,Scratch,,
ADV24032,2024-05-05,16:00,present,Physical,Aljay,,,Scratch Trial,,
ADV23018,2024-05-05,16:00,present,Physical,Tong En,,,,,
ADV24029,2024-05-05,17:00,present,Physical,,,,,,
ADV23043,2024-05-07,18:00,present,Online,Aljay,,,Do Scratch quiziz,,
ADV23029,2024-05-07,20:30,present,Online,Aljay,,,Blender make a well,,
ADV23085,2024-05-08,17:30,present,Online,Aljay,,,,,
ADV24013,2024-05-09,18:30,present,Physical,Aljay,,,Build Tracker and do simple programming,,
ADV23018,2024-05-10,17:00,present,Physical,Aljay,,,Redstone Repeater and Comparator,,
ADV23083,2024-05-10,17:00,present,Physical,Aljay,,,Redstone Repeater and Comparator,,
ADV24011,2024-05-10,17:00,present,Physical,Aljay,,,Redstone Repeater and Comparator,,
ADV24012,2024-05-10,17:00,present,Physical,Aljay,,,Redstone Repeater and Comparator,,
ADV24018,2024-05-10,18:30,present,Physical,Aljay,,,Program Flower,,
ADV24025,2024-05-10,18:30,present,Physical,Aljay,,,Program Gorilla,,
ADV23050,2024-05-11,09:00,present,Online,,,,,,
ADV0045,2024-05-11,09:00,present,Physical,Aljay,,,,,
ADV23003,2024-05-11,09:00,present,Physical,Aljay,,,,,
ADV24008,2024-05-11,09:00,present,Physical,Aljay,,,,,
ADV23045,2024-05-11,09:30,present,Physical,,,,,,
ADV23075,2024-05-11,09:30,present,Physical,Aljay,,,,,
ADV23035,2024-05-11,11:00,present,Online,Aljay,,,,,
ADV23037,2024-05-11,11:00,present,Online,Aljay,,,,,
ADV23004,2024-05-11,11:00,present,Physical,Aljay,,,,,
ADV23005,2024-05-11,11:00,present,Physical,Aljay,,,,,
ADV23006,2024-05-11,11:00,present,Physical,Aljay,,,,,
ADV23007,2024-05-11,11:00,present,Physical,Aljay,,,,,
ADV23008,2024-05-11,11:00,present,Physical,Jia Xi,,,EV3 Storm,,
ADV23013,2024-05-11,11:00,present,Physical,Aljay,,,,,
ADV24022,2024-05-11,11:00,present,Physical,Aljay,,,,,
ADV24015,2024-05-11,14:00,present,Physical,Aljay,,,Minecraft,,
ADV24016,2024-05-11,14:00,present,Physical,Aljay,,,Minecraft,,
ADV24017,2024-05-11,14:00,present,Physical,Aljay,,,Minecraft,,
ADV23011,2024-05-11,14:00,present,Physical,Aljay,,,,,
ADV23023,2024-05-11,14:00,present,Physical,Jia Xi,,,Mini Gun Programming,,
ADV23024,2024-05-11,14:00,present,Physical,Jia Xi,,,Mini Gun Programming,,
ADV24021,2024-05-11,14:00,present,Physical,,,,Bobber,,
ADV0056,2024-05-11,15:30,present,Physical,Jia Xi,,,Dragon Boat - Lau Mo,,
ADV23034,2024-05-11,16:00,present,Online,Aljay,,,,,
ADV0055,2024-05-11,16:00,present,Physical,Aljay,,,,,
ADV24023,2024-05-11,16:00,present,Physical,Jia Xi,,,Gorilla Building,,
ADV24031,2024-05-11,16:00,present,Physical,Jia Xi,,,Gorilla Programming,,
ADV23042,2024-05-12,09:00,present,Physical,Jia Xi,,,Creative Activity,,
ADV24024,2024-05-12,09:00,present,Physical,Jia Xi,,,Flower Programming,,
ADV24035,2024-05-12,09:00,present,Physical,,,,Trial Class,,
ADV24036,2024-05-12,09:00,present,Physical,,,,Trial Class,,
ADV23050,2024-05-12,09:30,present,Physical,Aljay,,,,,
ADV23050,2024-05-12,11:00,present,Physical,Aljay,,,,,
ADV24009,2024-05-12,11:00,present,Physical,,,,Scratch,,
ADV23012,2024-05-12,11:00,present,Physical,,,,,,
ADV23021,2024-05-12,12:00,present,Physical,Jia Xi,,,Dragon Boat - Lau Mo,,
ADV24026,2024-05-12,12:00,present,Physical,Jia Xi,,,Flower Programming & Gorilla Building,,
ADV23050,2024-05-12,13:30,present,Physical,Aljay,,,,,
ADV0014,2024-05-12,14:00,present,Physical,,,,,,
ADV23022,2024-05-12,14:00,present,Physical,,,,,,
ADV24005,2024-05-12,14:00,present,Physical,,,,Scratch,,
ADV23041,2024-05-12,14:00,present,Physical,Jia Xi,,,,,
ADV24002,2024-05-12,14:00,present,Physical,,,,Pirate Ship,,
ADV24044,2024-05-12,14:00,present,Physical,,,,,,
ADV24045,2024-05-12,14:00,present,Physical,,,,,,
ADV23040,2024-05-12,15:00,present,Physical,,,,,,
ADV23023,2024-05-12,16:00,present,Physical,Aljay,,,Scratch,,
ADV23024,2024-05-12,16:00,present,Physical,Aljay,,,Scratch,,
ADV23027,2024-05-12,16:00,present,Physical,Aljay,,,Scratch,,
ADV23028,2024-05-12,16:00,present,Physical,Aljay,,,Scratch,,
ADV24032,2024-05-12,16:00,present,Physical,Aljay,,,Scratch,,
ADV23018,2024-05-12,16:00,present,Physical,Jia Xi,,,,,
ADV24029,2024-05-12,17:00,present,Physical,,,,,,
ADV23029,2024-05-14,20:30,present,Online,Aljay,,,Building the Roof of the well,,
ADV23029,2024-05-14,20:30,present,Online,Aljay,,,Built the well structure,,
ADV23085,2024-05-15,18:30,present,Online,Aljay,,,Pygame - Make Sprite move,,
ADV0089,2024-05-16,17:00,present,Online,Aljay,,,Unity done the 3D challenge,,
ADV24013,2024-05-16,18:30,present,Physical,Aljay,,,Build Gear Bot and Program challenge 1,,
ADV23043,2024-05-17,16:00,present,Online,,,,Program player lives (Zombie Shooting game),,
ADV23018,2024-05-17,17:00,present,Physical,,,,Use Redstone build a house with lighting,,
ADV23083,2024-05-17,17:00,present,Physical,,,,Use Redstone build a house with lighting,,
ADV24011,2024-05-17,17:00,present,Physical,,,,Use Redstone build a house with lighting,,
ADV24012,2024-05-17,17:00,present,Physical,,,,Use Redstone build a house with lighting,,
ADV24018,2024-05-17,18:30,present,Physical,,,,Build Gear Bot halfway,,
ADV24025,2024-05-17,18:30,present,Physical,,,,Build a flower halfway,,
ADV24046,2024-05-17,18:30,present,Physical,,,,Free Trial,,
ADV24047,2024-05-17,18:30,present,Physical,,,,Free Trial,,
ADV23050,2024-05-18,09:00,present,Online,,,,Hexadecimal converter,,
ADV0045,2024-05-18,09:00,present,Physical,Jia Xi,,,Hexapod Walking Robot - Lau Mo,,
ADV24008,2024-05-18,09:00,present,Physical,Jia Xi,,,Tracker,,
ADV23045,2024-05-18,09:30,present,Physical,Aljay,,,Python OOP challenge,,
ADV23075,2024-05-18,09:30,present,Physical,Jia Xi,,,Dragon Boat - Lau Mo,,
ADV23035,2024-05-18,11:00,present,Online,Aljay,,,Code a breakout game,,
ADV23037,2024-05-18,11:00,present,Online,Aljay,,,Code a breakout game,,
ADV23004,2024-05-18,11:00,present,Physical,Jia Xi,,,Gyro Boy,,
ADV23005,2024-05-18,11:00,present,Physical,Jia Xi,,,Pirate Ship - Lau Mo,,
ADV23006,2024-05-18,11:00,present,Physical,Jia Xi,,,Wheelchair Rider,,
ADV23007,2024-05-18,11:00,present,Physical,Jia Xi,,,Pen robot,,
ADV23008,2024-05-18,11:00,present,Physical,Jia Xi,,,EV3 Storm,,
ADV23013,2024-05-18,11:00,present,Physical,Jia Xi,,,Build Gripper halfway,,
ADV24022,2024-05-18,11:00,present,Physical,Aljay,,,Build and program a pirate ship (lau mo),,
ADV24015,2024-05-18,14:00,present,Physical,Aljay,,,Minecraft,,
ADV24016,2024-05-18,14:00,present,Physical,Aljay,,,Minecraft,,
ADV24017,2024-05-18,14:00,present,Physical,Aljay,,,Minecraft,,
ADV23011,2024-05-18,14:00,present,Physical,Jia Xi,,,Mouse Trap - One Kits Project,,
ADV23023,2024-05-18,14:00,present,Physical,Jia Xi,,,Hexapod Walking Robot - Lau Mo,,
ADV23024,2024-05-18,14:00,present,Physical,Aljay,,,Hexapod Walking Robot - Lau Mo,,
ADV24021,2024-05-18,14:00,present,Physical,Jia Xi,,,Bobber,,
ADV0057,2024-05-18,15:00,present,Online,Aljay,,,Install Django and create a project,,
ADV0056,2024-05-18,15:30,present,Physical,,,,,,
ADV23048,2024-05-18,15:30,present,Physical,Jia Xi,,,King Kong - Da Zhuang,,
ADV23049,2024-05-18,15:30,present,Physical,Jia Xi,,,Mini Gun - Da Zhuang,,
ADV23034,2024-05-18,16:00,present,Online,,,,,,
ADV0055,2024-05-18,16:00,present,Physical,,,,,,
ADV24023,2024-05-18,16:00,present,Physical,Jia Xi,,,Gorilla,,
ADV24031,2024-05-18,16:00,present,Physical,Jia Xi,,,Build Flower,,
ADV23042,2024-05-19,09:00,present,Physical,Jia Xi,,,Dragon Boat - Lau Mo,,
ADV24024,2024-05-19,09:00,present,Physical,Jia Xi,,,Hexapod Walking Robot - Lau Mo,,
ADV24035,2024-05-19,09:00,present,Physical,Jia Xi,,,Flower,,
ADV24036,2024-05-19,09:00,present,Physical,Jia Xi,,,Flower,,
ADV23050,2024-05-19,09:30,present,Physical,Aljay,,,,,
ADV23050,2024-05-19,11:00,present,Physical,Aljay,,,,,
ADV24009,2024-05-19,11:00,present,Physical,Aljay,,,Scratch,,
ADV23012,2024-05-19,11:00,present,Physical,Jia Xi,,,Fan,,
ADV23021,2024-05-19,12:00,present,Physical,Jia Xi,,,Samurai Robot - Da Zhuang,,
ADV24019,2024-05-19,12:00,present,Physical,Jia Xi,,,Tracker,,
ADV24026,2024-05-19,12:00,present,Physical,Jia Xi,,,Mini Gun - Da Zhuang,,
ADV23050,2024-05-19,13:30,present,Physical,Aljay,,,,,
ADV0014,2024-05-19,14:00,present,Physical,Aljay,,,,,
ADV23022,2024-05-19,14:00,present,Physical,Aljay,,,Scratch,,
ADV24005,2024-05-19,14:00,present,Physical,Aljay,,,Scratch,,
ADV23041,2024-05-19,14:00,present,Physical,Jia Xi,,,Tank Bot,,
ADV23040,2024-05-19,15:00,present,Physical,Aljay,,,,,
ADV23023,2024-05-19,16:00,present,Physical,Aljay,,,Scratch,,
ADV23024,2024-05-19,16:00,present,Physical,Aljay,,,Scratch,,
ADV23026,2024-05-19,16:00,present,Physical,Aljay,,,Scratch,,
ADV23027,2024-05-19,16:00,present,Physical,Aljay,,,Scratch,,
ADV23028,2024-05-19,16:00,present,Physical,Aljay,,,Scratch,,
ADV24032,2024-05-19,16:00,present,Physical,Aljay,,,Scratch,,
ADV23018,2024-05-19,16:00,present,Physical,Jia Xi,,,Big Pistol - Da Zhuang,,
ADV24029,2024-05-19,17:00,present,Physical,Aljay,,,,,
ADV24013,2024-05-23,18:30,present,Physical,Aljay,,,Build Pirate ship amusement park,,
ADV23043,2024-05-24,16:00,present,Online,Aljay,,,,,
ADV23018,2024-05-24,17:00,present,Physical,Aljay,,,Testforblock,,
ADV23083,2024-05-24,17:00,present,Physical,Aljay,,,Testforblock,,
ADV24011,2024-05-24,17:00,present,Physical,Aljay,,,Testforblock,,
ADV24012,2024-05-24,17:00,present,Physical,Aljay,,,Testforblock,,
ADV24025,2024-05-24,18:30,present,Physical,Aljay,,,Build Pirate ship amusement park,,
ADV23050,2024-05-25,09:00,present,Online,Aljay,,,Build Decimal to Hexadecimal converter,,
ADV0045,2024-05-25,09:00,present,Physical,Jia Xi,,,Hexapod Walking Robot - Lau Mo,,
ADV23075,2024-05-25,09:30,present,Physical,Jia Xi,,,Pirate Ship - Lau Mo,,
ADV23035,2024-05-25,11:00,present,Online,Aljay,,,Breakout Game,,
ADV23037,2024-05-25,11:00,present,Online,Aljay,,,Breakout Game,,
ADV23004,2024-05-25,11:00,present,Physical,Jia Xi,,,Gyro Boy,,
ADV23005,2024-05-25,11:00,present,Physical,Jia Xi,,,Gun Sentry Bot - One Kits Project,,
ADV23006,2024-05-25,11:00,present,Physical,Jia Xi,,,Wheelchair Rider - One Kits Project,,
ADV23007,2024-05-25,11:00,present,Physical,Jia Xi,,,Angel Fish,,
ADV23008,2024-05-25,11:00,present,Physical,Jia Xi,,,EV3 Storm,,
ADV23013,2024-05-25,11:00,present,Physical,,,,Build Gripper halfway,,
ADV24022,2024-05-25,11:00,present,Physical,Jia Xi,,,Triceprators - Lau Mo,,
ADV23011,2024-05-25,14:00,present,Physical,Jia Xi,,,Rubber band gun - Da Zhuang,,
ADV24021,2024-05-25,14:00,present,Physical,Jia Xi,,,Programming: Bobber,,
ADV0056,2024-05-25,15:30,present,Physical,Jia Xi,,,Programming: Bobber,,
ADV23034,2024-05-25,16:00,present,Online,Aljay,,,Scratch Platformer Wall jump,,
ADV0055,2024-05-25,16:00,present,Physical,Aljay,,,Minecraft,,
ADV24031,2024-05-25,16:00,present,Physical,Jia Xi,,,Insect,,
ADV23042,2024-05-26,09:00,present,Physical,Aljay,,,Claw Bot,,
ADV24024,2024-05-26,09:00,present,Physical,Jia Xi,,,Rubber Band Gun - Da Zhuang,,
ADV24035,2024-05-26,09:00,present,Physical,Jia Xi,,,Gorilla,,
ADV24036,2024-05-26,09:00,present,Physical,Jia Xi,,,Gorilla,,
ADV23050,2024-05-26,09:30,present,Physical,Aljay,,,Kangaroo Math,,
ADV23050,2024-05-26,11:00,present,Physical,Aljay,,,,,
ADV24009,2024-05-26,11:00,present,Physical,Aljay,,,Scratch,,
ADV24026,2024-05-26,12:00,present,Physical,Jia Xi,,,Insect,,
ADV23050,2024-05-26,13:30,present,Physical,Aljay,,,,,
ADV0014,2024-05-26,14:00,present,Physical,Aljay,,,,,
ADV23022,2024-05-26,14:00,present,Physical,Aljay,,,Scratch,,
ADV23041,2024-05-26,14:00,present,Physical,Jia Xi,,,Crane,,
ADV23018,2024-05-26,16:00,present,Physical,Jia Xi,,,Machine Gun - Da Zhuang,,
ADV23029,2024-05-28,20:30,present,Online,Aljay,,,Add Materials to the well,,
ADV23085,2024-05-29,18:30,present,Online,Aljay,,,Sprite Control,,
ADV0089,2024-05-30,17:00,present,Online,Aljay,,,Rocket game - Project Boost (Udemy),,
ADV23043,2024-05-31,16:00,present,Online,Aljay,,,Zombie Shooting Ammo UI,,
ADV23018,2024-05-31,17:00,present,Physical,Aljay,,,Escape room trap,,
ADV24011,2024-05-31,17:00,present,Physical,Aljay,,,Escape room trap,,
ADV24012,2024-05-31,17:00,present,Physical,Aljay,,,Escape room trap,,
ADV23050,2024-06-01,09:00,present,Online,Aljay,,,Flutter - Firebase,,
ADV0045,2024-06-01,09:00,present,Physical,,,,,,
ADV23075,2024-06-01,09:30,present,Physical,,,,,,
ADV23035,2024-06-01,11:00,present,Online,,,,,,
ADV23037,2024-06-01,11:00,present,Online,,,,,,
ADV24017,2024-06-01,11:00,present,Physical,,,,,,
ADV23004,2024-06-01,11:00,present,Physical,,,,Wheelchair Rider - Program,,
ADV23005,2024-06-01,11:00,present,Physical,,,,Program Cun Sentry Bot,,
ADV23006,2024-06-01,11:00,present,Physical,,,,build machine gun,,
ADV23007,2024-06-01,11:00,present,Physical,,,,,,
ADV23008,2024-06-01,11:00,present,Physical,,,,,,
ADV23013,2024-06-01,11:00,present,Physical,,,,,,
ADV24022,2024-06-01,11:00,present,Physical,,,,,,
ADV24015,2024-06-01,14:00,present,Physical,,,,,,
ADV24016,2024-06-01,14:00,present,Physical,,,,,,
ADV23011,2024-06-01,14:00,present,Physical,,,,,,
ADV23023,2024-06-01,14:00,present,Physical,,,,,,
ADV23024,2024-06-01,14:00,present,Physical,,,,,,
ADV0057,2024-06-01,15:00,present,Online,,,,,,
ADV0056,2024-06-01,15:30,present,Physical,,,,,,
ADV23034,2024-06-01,16:00,present,Online,,,,,,
ADV0055,2024-06-01,16:00,present,Physical,,,,,,
ADV24023,2024-06-01,16:00,present,Physical,Jia Xi,,,Hanging Horizontal Bar Robot - Lau Mo,,
ADV24030,2024-06-01,16:00,present,Physical,Jia Xi,,,Gorilla,,
ADV24031,2024-06-01,16:00,present,Physical,,,,,,
ADV23042,2024-06-02,09:00,present,Physical,,,,,,
ADV24035,2024-06-02,09:00,present,Physical,Jia Xi,,,Gear Bot,,
ADV24036,2024-06-02,09:00,present,Physical,Jia Xi,,,Gear Bot,,
ADV23050,2024-06-02,09:30,present,Physical,Aljay,,,,,
ADV23050,2024-06-02,11:00,present,Physical,,,,,,
ADV23021,2024-06-02,12:00,present,Physical,Jia Xi,,,Gear Bot,,
ADV24019,2024-06-02,12:00,present,Physical,Jia Xi,,,Gear Bot,,
ADV24026,2024-06-02,12:00,present,Physical,Jia Xi,,,Insect,,
ADV23050,2024-06-02,13:30,present,Physical,Aljay,,,,,
ADV0014,2024-06-02,14:00,present,Physical,Aljay,,,,,
ADV23022,2024-06-02,14:00,present,Physical,,,,,,
ADV23041,2024-06-02,14:00,present,Physical,Jia Xi,,,Crane,,
ADV23040,2024-06-02,15:00,present,Physical,,,,,,
ADV23023,2024-06-02,16:00,present,Physical,Aljay,,,Scratch,,
ADV23024,2024-06-02,16:00,present,Physical,Aljay,,,Scratch,,
ADV23027,2024-06-02,16:00,present,Physical,Aljay,,,Scratch,,
ADV23028,2024-06-02,16:00,present,Physical,Aljay,,,Scratch,,
ADV24032,2024-06-02,16:00,present,Physical,,,,,,
ADV23018,2024-06-02,16:00,present,Physical,Jia Xi,,,Big Pistol - Da Zhuang,,
ADV24029,2024-06-02,17:00,present,Physical,Aljay,,,,,
ADV23029,2024-06-04,20:30,present,Online,,,,Add color to the materials,,
ADV24033,2024-06-06,17:00,present,Physical,Aljay,,,"Built and programmed flower, then build gorilla",,
ADV24013,2024-06-06,18:30,present,Physical,Aljay,,,Built flower half way,,
ADV24040,2024-06-06,18:30,present,Physical,Aljay,,,Built and programmed flower,,
ADV23043,2024-06-07,16:00,present,Online,Aljay,,,Do Bullet UI and weapon UI,,
ADV23018,2024-06-07,17:00,present,Physical,Aljay,,,Extend the Escape room level,,
ADV24011,2024-06-07,17:00,present,Physical,Aljay,,,Extend the Escape room level,,
ADV24012,2024-06-07,17:00,present,Physical,Aljay,,,Extend the Escape room level,,
ADV24018,2024-06-07,18:30,present,Physical,Aljay,,,Built Gear Bot,,
ADV24025,2024-06-07,18:30,present,Physical,Aljay,,,Build Flower,,
ADV24056,2024-06-07,18:30,present,Physical,Aljay,,,Free Trial - Driving Base,,
ADV23050,2024-06-08,09:00,present,Online,,,,,,
ADV0045,2024-06-08,09:00,present,Physical,Jia Xi,,,Guitar,,
ADV24008,2024-06-08,09:00,present,Physical,Jia Xi,,,Balance Bot - One Kit Projects,,
ADV23045,2024-06-08,09:30,present,Physical,Aljay,,,Python challenge,,
ADV23075,2024-06-08,09:30,present,Physical,Jia Xi,,,Guitar,,
ADV23035,2024-06-08,11:00,present,Online,Aljay,,,Breakout Game add level transition,,
ADV23037,2024-06-08,11:00,present,Online,Aljay,,,Breakout Game add level transition,,
ADV24017,2024-06-08,11:00,present,Physical,Aljay,,,Minecraft,,
ADV23004,2024-06-08,11:00,present,Physical,Jia Xi,,,Build Robot Arm,,
ADV23005,2024-06-08,11:00,present,Physical,Jia Xi,,,Robot Arm,,
ADV23006,2024-06-08,11:00,present,Physical,Jia Xi,,,MVP Buggy,,
ADV23008,2024-06-08,11:00,present,Physical,Jia Xi,,,EV3 Storm,,
ADV23013,2024-06-08,11:00,present,Physical,Jia Xi,,,Gripper,,
ADV24022,2024-06-08,11:00,present,Physical,Jia Xi,,,Flying Chair - Lau Mo,,
ADV23011,2024-06-08,14:00,present,Physical,Jia Xi,,,Mechanical Crossbow - Lego Da Zhuang,,
ADV23024,2024-06-08,14:00,present,Physical,Jia Xi,,,Gear Bot,,
ADV24021,2024-06-08,14:00,present,Physical,,,,Machine Gun - Lego Da Zhuang,,
ADV0057,2024-06-08,15:00,present,Online,Aljay,,,Django - Add superuser,,
ADV0056,2024-06-08,15:30,present,Physical,Jia Xi,,,Balance Bot - One Kit Projects,,
ADV23048,2024-06-08,15:30,present,Physical,Jia Xi,,,Gear Bot,,
ADV23049,2024-06-08,15:30,present,Physical,Jia Xi,,,Gear Bot,,
ADV23034,2024-06-08,16:00,present,Online,,,,Scratch Platformer - Add danger items,,
ADV0055,2024-06-08,16:00,present,Physical,,,,Minecraft - Build Zoo,,
ADV24023,2024-06-08,16:00,present,Physical,Tong En,,,Hexapod Walking Robot - Lau Mo,,
ADV24030,2024-06-08,16:00,present,Physical,Tong En,,,Build Gorilla,,
ADV24031,2024-06-08,16:00,present,Physical,Jia Xi,,,Gear Bot,,
ADV23042,2024-06-09,09:00,present,Physical,Jia Xi,,,Machine Gun - Lego Da Zhuang,,
ADV24024,2024-06-09,09:00,present,Physical,Jia Xi,,,Machine Gun - Lego Da Zhuang,,
ADV24035,2024-06-09,09:00,present,Physical,Jia Xi,,,Insect,,
ADV24036,2024-06-09,09:00,present,Physical,Jia Xi,,,Driving Base,,
ADV23050,2024-06-09,09:30,present,Physical,Aljay,,,,,
ADV23019,2024-06-09,11:00,present,Physical,Tong En,,,Scratch - Maze Game,,
ADV23020,2024-06-09,11:00,present,Physical,Tong En,,,Scratch - Maze Game,,
ADV23050,2024-06-09,11:00,present,Physical,,,,,,
ADV23012,2024-06-09,11:00,present,Physical,Jia Xi,,,Guitar,,
ADV23021,2024-06-09,12:00,present,Physical,Jia Xi,,,Helicopter - Lau Mo,,
ADV24019,2024-06-09,12:00,present,Physical,Jia Xi,,,Creativity,,
ADV24026,2024-06-09,12:00,present,Physical,Jia Xi,,,Gear Bot,,
ADV23050,2024-06-09,13:30,present,Physical,Aljay,,,,,
ADV0014,2024-06-09,14:00,present,Physical,,,,,,
ADV23022,2024-06-09,14:00,present,Physical,Aljay,,,,,
ADV24005,2024-06-09,14:00,present,Physical,Tong En,,,Scratch - Animation,,
ADV23041,2024-06-09,14:00,present,Physical,Tong En,,,Crane,,
ADV24037,2024-06-09,14:00,present,Physical,,,,build gorilla,,
ADV23040,2024-06-09,15:00,present,Physical,Aljay,,,,,
ADV23024,2024-06-09,16:00,present,Physical,Tong En,,,Scratch - Maze Game,,
ADV23026,2024-06-09,16:00,present,Physical,,,,Scratch - Maze Game,,
ADV23027,2024-06-09,16:00,present,Physical,Tong En,,,Scratch - Maze Game,,
ADV23028,2024-06-09,16:00,present,Physical,Tong En,,,Scratch - Maze Game,,
ADV24032,2024-06-09,16:00,present,Physical,Tong En,,,Scratch - Maze Game,,
ADV23018,2024-06-09,16:00,present,Physical,,,,Machine Gun - Lego Da Zhuang,,
ADV24029,2024-06-09,17:00,present,Physical,,,,,,
ADV23029,2024-06-11,20:30,present,Online,Aljay,,,Adjust lighting,,
ADV24033,2024-06-13,17:00,present,Physical,Aljay,,,"Program Gorilla, Build Turtle",,
ADV24013,2024-06-13,18:30,present,Physical,Aljay,,,Program Flower,,
ADV24040,2024-06-13,18:30,present,Physical,Angy,,,Build Gorilla,,
ADV23018,2024-06-14,17:00,present,Physical,Aljay,,,Multi Player Level Escape room,,
ADV24011,2024-06-14,17:00,present,Physical,Aljay,,,Multi Player Level Escape room,,
ADV24012,2024-06-14,17:00,present,Physical,Aljay,,,Multi Player Level Escape room,,
ADV24018,2024-06-14,18:30,present,Physical,Aljay,,,Program Gear Bot,,
ADV24025,2024-06-14,18:30,present,Physical,Angy,,,Program Insect,,
ADV23050,2024-06-15,09:00,present,Online,Aljay,,,Flutter Firebase,,
ADV0045,2024-06-15,09:00,present,Physical,Angy,,,build guitar,,
ADV24008,2024-06-15,09:00,present,Physical,Angy,,,build 6 wheeler,,
ADV23045,2024-06-15,09:30,present,Physical,Aljay,,,Python Ascending and Descending sort,,
ADV24039,2024-06-15,09:30,present,Physical,Aljay,,,Minecraft free trial,,
ADV23004,2024-06-15,09:30,present,Physical,Angy,,,build robotic arm,,
ADV23005,2024-06-15,09:30,present,Physical,Angy,,,build pistol,,
ADV23006,2024-06-15,09:30,present,Physical,Angy,,,program mvp crane,,
ADV23035,2024-06-15,11:00,present,Online,Aljay,,,Breakout Game: Create level 3,,
ADV23037,2024-06-15,11:00,present,Online,Aljay,,,Breakout Game: Create level 3,,
ADV24017,2024-06-15,11:00,present,Physical,Aljay,,,Build building,,
ADV23007,2024-06-15,11:00,present,Physical,Angy,,,build charlie,,
ADV23008,2024-06-15,11:00,present,Physical,Aljay,,,build guitar,,
ADV24022,2024-06-15,11:00,present,Physical,Angy,,,build and progrm triceratops - lau mo,,
ADV24015,2024-06-15,14:00,present,Physical,Aljay,,,Multiplayer Escape room,,
ADV24016,2024-06-15,14:00,present,Physical,Aljay,,,Multiplayer Escape room,,
ADV23011,2024-06-15,14:00,present,Physical,Angy,,,build and program turtle and machine gun,,
ADV23023,2024-06-15,14:00,present,Physical,Angy,,,build and program triceratops - laumo,,
ADV23024,2024-06-15,14:00,present,Physical,Angy,,,build and program dinasour,,
ADV24021,2024-06-15,14:00,present,Physical,Angy,,,build ev3rstorm,,
ADV0057,2024-06-15,15:00,present,Online,Aljay,,,Python Django,,
ADV23048,2024-06-15,15:30,present,Physical,Angy,,,build and program wiper,,
ADV23049,2024-06-15,15:30,present,Physical,Angy,,,build and program wiper,,
ADV23034,2024-06-15,16:00,present,Online,Aljay,,,Scratch Thumbnail,,
ADV0055,2024-06-15,16:00,present,Physical,Aljay,,,Minecraft Zoo,,
ADV24023,2024-06-15,16:00,present,Physical,Angy,,,build big pistol,,
ADV24031,2024-06-15,16:00,present,Physical,Angy,,,build ferris wheel,,
ADV23042,2024-06-16,09:00,present,Physical,Angy,,,build rubber band pistol,,
ADV24024,2024-06-16,09:00,present,Physical,Angy,,,build big pistol,,
ADV24035,2024-06-16,09:00,present,Physical,Angy,,,"build and program red light, green light",,
ADV24036,2024-06-16,09:00,present,Physical,Angy,,,build helicopter,,
ADV24043,2024-06-16,09:00,present,Physical,Angy,,,Trial,,
ADV24049,2024-06-16,09:00,present,Physical,Angy,,,Trial,,
ADV23050,2024-06-16,09:30,present,Physical,Aljay,,,"Practice, Operation order",,
ADV23019,2024-06-16,11:00,present,Physical,Aljay,,,Maze game player control,,
ADV23020,2024-06-16,11:00,present,Physical,Aljay,,,Maze game player control,,
ADV23050,2024-06-16,11:00,present,Physical,Aljay,,,Data Compression,,
ADV24005,2024-06-16,11:00,present,Physical,Aljay,,,Maze game player control,,
ADV23021,2024-06-16,12:00,present,Physical,Angy,,,build and program fan,,
ADV23050,2024-06-16,13:30,present,Physical,Aljay,,,Water pump,,
ADV0014,2024-06-16,14:00,present,Physical,Aljay,,,Python,,
ADV23022,2024-06-16,14:00,present,Physical,Aljay,,,Scratch remake and recheck,,
ADV23041,2024-06-16,14:00,present,Physical,Angy,,,build machine gun,,
ADV24037,2024-06-16,14:00,present,Physical,Angy,,,program gorilla build insect,,
ADV23040,2024-06-16,15:00,present,Physical,Aljay,,,Driver sprites,,
ADV23023,2024-06-16,16:00,present,Physical,Aljay,,,Race Car: Compare winning,,
ADV23024,2024-06-16,16:00,present,Physical,Aljay,,,Race Car: Compare winning,,
ADV23026,2024-06-16,16:00,present,Physical,Aljay,,,Race Car: Compare winning,,
ADV23027,2024-06-16,16:00,present,Physical,Aljay,,,Race Car: Compare winning,,
ADV23028,2024-06-16,16:00,present,Physical,Aljay,,,Race Car: Compare winning,,
ADV24032,2024-06-16,16:00,present,Physical,Aljay,,,Race Car: Compare winning,,
ADV23018,2024-06-16,16:00,present,Physical,Angy,,,build rubber band pistol & unicycle,,
ADV23029,2024-06-18,20:30,present,Online,,,,Outliner and Rendering Machine,,
ADV23085,2024-06-19,18:30,present,Online,,,,Enemy Sprite,,
ADV0089,2024-06-20,17:00,present,Online,,,,Launching Pad Rocket Control + Camera,,
ADV24020,2024-06-20,17:00,present,Online,,,,Minecraft,,
ADV24033,2024-06-20,17:00,present,Physical,,,,build and program insect,,
ADV24013,2024-06-20,18:30,present,Physical,,,,build insect,,
ADV24040,2024-06-20,18:30,present,Physical,,,,program gorilla and build gearbot,,
ADV23043,2024-06-21,16:00,present,Online,,,,Add shotgun weapon,,
ADV23018,2024-06-21,17:00,present,Physical,,,,Built Multiplayer Escape Room,,
ADV24011,2024-06-21,17:00,present,Physical,,,,Built Multiplayer Escape Room,,
ADV24012,2024-06-21,17:00,present,Physical,,,,Built Multiplayer Escape Room,,
ADV24018,2024-06-21,18:30,present,Physical,,,,build ip man,,
ADV24025,2024-06-21,18:30,present,Physical,,,,build and program dragon boat,,
ADV23050,2024-06-22,09:00,present,Online,,,,Design UI,,
ADV0045,2024-06-22,09:00,present,Physical,Jia Xi,,,Guitar,31313,
ADV23045,2024-06-22,09:30,present,Physical,Aljay,,,ICT - hardware and software,,
ADV24039,2024-06-22,09:30,present,Physical,Tong En,,,Minecreaft,,
ADV23004,2024-06-22,09:30,present,Physical,Jia Xi,,,Robot Arm,45544,
ADV23005,2024-06-22,09:30,present,Physical,Tong En,,,Lego Gun,45544,
ADV23006,2024-06-22,09:30,present,Physical,Jia Xi,,,Driving Base,45544,
ADV23075,2024-06-22,09:30,present,Physical,,,,Big Pistol - Da Zhuang,45544,
ADV23035,2024-06-22,11:00,present,Online,Aljay,,,Breakout game - powerup,,
ADV24017,2024-06-22,11:00,present,Physical,Tong En,,,Minecraft,,
ADV23007,2024-06-22,11:00,present,Physical,Jia Xi,,,Charlie,51515,
ADV23008,2024-06-22,11:00,present,Physical,Jia Xi,,,Guitar,31313,
ADV23013,2024-06-22,11:00,present,Physical,Tong En,,,Creative Activity,,
ADV24022,2024-06-22,11:00,present,Physical,Jia Xi,,,Ferris Wheel - Lau Mo,45544,
ADV23011,2024-06-22,14:00,present,Physical,Tong En,,,Assaulth Rifle - Lego Da Zhuang,45544,
ADV23024,2024-06-22,14:00,present,Physical,Jia Xi,,,Helicopter - Lego Da Zhuang,45544,
ADV24021,2024-06-22,14:00,present,Physical,,,,build ev3rstorm,,
